File,Total_duration_file,Duration_CS,HNR,Comment
herring12_34.wav,3.8739909297052155,0.0,7.349386987543601,0 = Code-mixing â†’ no time reference
sastre02_128.wav,3.558004535147392,1.474,10.751115690040205,
zeledon07_9.wav,4.209002267573696,0.0,10.263634967676698,
sastre01_8.wav,4.025011337868481,0.0,8.22341881196694,
zeledon07_79.wav,1.7349886621315194,0.644,6.239578752019547,
zeledon07_126.wav,1.8150113378684807,0.975,7.375623487648846,
herring03_34.wav,1.9970068027210883,0.627,6.948237038053338,
herring03_33.wav,4.6,3.95,8.274190656963007,
zeledon07_10.wav,4.736009070294784,1.278,9.931761987969205,
herring14_12.wav,4.1649886621315195,1.3820000000000001,1.318619492889551,
zeledon07_5.wav,2.9309977324263037,0.0,5.846139026049123,
zeledon07_51.wav,2.270997732426304,0.0,8.750326153607405,
herring05_6.wav,5.109002267573696,2.438,4.910559452906613,
herring03_31.wav,3.9039909297052153,2.183,9.341645977721452,
sastre01_24.wav,3.233015873015873,1.3,6.850365893982692,
herring03_37.wav,4.353015873015873,2.426,14.762472881877503,
herring03_1.wav,1.763015873015873,1.309,9.055825248993772,
herring05_14.wav,3.9470068027210883,0.0,5.287543373222486,
zeledon07_124.wav,3.9239909297052153,2.954,9.974702296450852,
herring03_49.wav,4.528004535147392,1.092,6.4277721217273625,
sastre02_117.wav,3.414013605442177,1.752,10.349810472927075,
herring12_8.wav,3.5880045351473924,1.486,8.336245725742263,
sastre01_11.wav,3.0249886621315194,0.0,8.339189980532433,
herring02_11.wav,2.0059863945578233,0.0,3.7602663007645774,
sastre01_90.wav,2.670997732426304,2.6710000000000003,9.95339222625687,
zeledon07_60.wav,3.7580045351473923,2.293,7.02817689780797,
herring02_10.wav,2.0080045351473923,0.0,5.064762837599824,
herring14_62.wav,3.836984126984127,2.345,0.67669507160722,
sastre02_133.wav,1.8919954648526076,1.044,8.409084200424761,
sastre02_57.wav,2.8029931972789117,0.969,8.033773880856584,
herring03_29.wav,4.33,2.043,10.434209157654763,
herring14_28.wav,3.4129931972789116,1.881,1.4969187410523246,
sastre02_134.wav,2.285986394557823,0.772,7.71226610463354,
herring14_45.wav,2.087981859410431,1.115,1.836219068332064,
sastre01_5.wav,3.7619954648526077,0.0,9.436367589232116,
herring02_6.wav,4.861995464852607,0.0,8.13183177839668,
herring02_9.wav,3.285986394557823,0.0,7.025286939126889,
zeledon07_100.wav,2.310997732426304,1.3940000000000001,11.35008412376005,
sastre02_96.wav,3.8380045351473924,0.0,9.085669475177019,
sastre01_81.wav,3.7409977324263037,0.0,9.421358660124804,
herring03_63.wav,4.599002267573696,2.744,6.57389583122298,
zeledon07_31.wav,3.400997732426304,1.387,8.151342101489831,
herring14_78.wav,2.693015873015873,1.323,1.7165504491301595,
herring12_15.wav,2.699002267573696,1.022,8.82787860343231,
zeledon07_77.wav,5.827981859410431,0.9520000000000001,3.8326843294613826,
sastre01_3.wav,3.7170068027210883,1.84,7.977499911843446,
zeledon07_59.wav,3.552018140589569,1.254,11.293127902404567,
zeledon05_45.wav,4.342993197278911,2.009,7.54302835367759,
herring14_8.wav,2.6280045351473924,2.601,3.3265378310085802,
sastre02_17.wav,3.6060090702947845,0.999,10.79933818141362,
herring14_80.wav,1.69,0.459,5.3264571718922005,
herring03_24.wav,4.796984126984127,1.486,6.886737772216717,
sastre02_142.wav,3.559002267573696,1.033,9.79725392586298,
zeledon14_28.wav,2.7580045351473923,1.48,6.210613669585388,
zeledon14_120.wav,2.368004535147392,1.329,6.164949253094909,
zeledon07_121.wav,4.565986394557823,1.747,11.314441013773118,
zeledon14_116.wav,3.0360090702947846,1.184,6.652286470972567,
zeledon14_29.wav,3.724013605442177,2.496,6.8446381668812055,
zeledon07_71.wav,2.9539909297052156,1.816,8.47571781626501,
zeledon14_53.wav,3.421995464852608,2.1390000000000002,6.193573607851977,
zeledon05_4.wav,5.232993197278912,2.711,7.510368878819534,
sastre02_65.wav,3.1549886621315193,1.242,8.820641820617393,
sastre05_7.wav,3.0649886621315194,1.1380000000000001,10.830688402467642,
zeledon07_50.wav,3.539002267573696,1.7590000000000001,7.579880215626272,
zeledon14_9.wav,2.710997732426304,1.794,5.058499033700157,
sastre05_26.wav,3.2390022675736962,2.217,8.545248018455974,
herring14_3.wav,3.543015873015873,1.342,5.11593690703622,
zeledon14_81.wav,7.826009070294784,4.627,9.27961525768755,
zeledon14_46.wav,2.501995464852608,1.294,7.3838682168437835,
zeledon14_127.wav,6.639002267573696,3.367,4.7058139200418685,
zeledon14_117.wav,2.2839909297052152,1.23,5.492428355016417,
sastre02_27.wav,1.725986394557823,0.981,7.074775584734773,
sastre01_74.wav,2.1370068027210882,1.243,7.0831997013799235,
zeledon14_18.wav,5.640997732426304,3.855,6.7256585042729435,
zeledon07_114.wav,5.205011337868481,2.786,10.696514504724354,
sastre02_71.wav,2.9480045351473922,2.2,8.23124819927645,
zeledon14_93.wav,1.98,1.1500000000000001,6.6830513844061565,
zeledon14_124.wav,2.02,1.5270000000000001,4.81091312093122,
zeledon07_13.wav,2.5,1.092,9.797030226462105,
sastre02_78.wav,2.275986394557823,1.301,6.292231942237514,
sastre05_4.wav,2.850997732426304,1.0050000000000001,11.197834765163302,
zeledon14_126.wav,6.79,2.432,4.821984036027339,
zeledon05_9.wav,3.1829931972789116,1.968,6.270931227724323,
zeledon14_122.wav,3.25,2.3970000000000002,4.828524601298265,
sastre05_18.wav,4.2890022675736965,2.426,7.659413928139511,
zeledon14_27.wav,1.81,1.237,3.9581081767427593,
herring14_25.wav,2.7339909297052154,2.694,3.077263532799372,
zeledon14_109.wav,5.735011337868481,2.2640000000000002,6.68873085944531,
herring14_35.wav,4.776984126984127,1.858,5.756071684097581,
sastre02_123.wav,1.8670068027210884,0.865,9.8896335531321,
herring14_54.wav,2.6409977324263036,0.9580000000000001,3.856720888891867,
zeledon07_95.wav,4.369002267573697,2.628,8.153362163004566,
sastre02_48.wav,1.6950113378684808,0.912,11.105339254673414,
sastre02_11.wav,3.2280045351473925,1.5270000000000001,10.805664893318232,
zeledon14_114.wav,8.829002267573696,4.377,7.955408188263755,
sastre05_22.wav,2.693015873015873,1.323,10.300152802474436,
herring03_56.wav,6.432993197278911,1.742,6.663228874959217,
sastre02_58.wav,5.9780045351473925,1.48,10.404941095784421,
herring14_75.wav,4.04,1.788,4.247212350493074,
zeledon14_1.wav,2.775011337868481,1.835,9.093466455093225,
herring14_37.wav,5.370997732426304,1.84,6.158552651642903,
zeledon07_110.wav,3.1670068027210885,1.944,11.607809289506664,
zeledon14_8.wav,3.650997732426304,1.329,6.129255017922582,
zeledon14_107.wav,4.381995464852608,3.564,7.33939779887261,
zeledon05_24.wav,6.81,3.605,10.015171263783348,
herring14_69.wav,3.2139909297052154,0.975,5.399657443970853,
zeledon07_106.wav,3.2559863945578233,1.288,12.63418635546844,
sastre02_70.wav,2.5189795918367346,0.7020000000000001,9.193052338515148,
herring14_7.wav,2.670997732426304,1.289,7.253750377420654,
zeledon07_115.wav,3.0070068027210883,1.9100000000000001,9.004516786558725,
sastre02_82.wav,1.9280045351473922,0.551,9.164596645268466,
zeledon14_49.wav,2.3219954648526078,1.411,7.051047617380839,
zeledon14_3.wav,2.3870068027210882,1.729,8.351718046868069,
sastre02_52.wav,4.072993197278912,1.329,11.567892069916567,
zeledon14_2.wav,2.2170068027210883,1.12,9.534801391350372,
herring03_60.wav,2.9829931972789114,1.684,7.3911706629518585,
herring14_6.wav,3.441995464852608,1.852,6.7632089657124155,
zeledon14_102.wav,2.4550113378684806,2.12,7.232878365197146,
sastre02_104.wav,3.244988662131519,0.9580000000000001,10.194727929228309,
sastre02_88.wav,2.349002267573696,1.028,9.187189962352484,
zeledon14_13.wav,1.933015873015873,0.976,6.571071623320248,
sastre02_62.wav,2.846984126984127,1.545,10.832840879407708,
zeledon07_78.wav,1.3680045351473924,0.86,12.248957383288413,
zeledon05_46.wav,3.2570068027210883,1.44,6.963688101674768,
sastre02_143.wav,2.002018140589569,0.598,6.758804002956412,
sastre02_5.wav,1.7649886621315192,0.534,11.308888266096906,
herring05_9.wav,4.28498866213152,2.241,6.270084145265968,
sastre01_28.wav,7.3939909297052155,4.76,10.962131966971937,
zeledon14_75.wav,1.9620181405895691,0.708,8.309441190391512,
sastre02_79.wav,2.9829931972789114,1.033,7.630657966722144,
herring14_21.wav,2.6129931972789118,0.656,0.4051989979537167,
sastre02_8.wav,1.3,0.894,9.688616949629747,
herring14_81.wav,2.3450113378684807,1.5330000000000001,3.097093720042788,
zeledon07_19.wav,3.6359863945578232,2.108,10.10394787588505,
zeledon14_56.wav,2.775011337868481,1.248,6.050531305814816,
sastre02_37.wav,3.348004535147392,1.19,10.923469797244366,
sastre01_94.wav,3.630997732426304,0.0,10.093116514185555,
sastre02_66.wav,2.158004535147392,1.242,9.250792590446858,
sastre02_45.wav,2.47,0.685,10.727925169381349,
herring14_36.wav,2.0729931972789117,1.614,3.1462002349076013,
zeledon05_14.wav,7.597006802721088,3.146,5.51451832649377,
herring14_79.wav,2.67,1.625,9.941466804441424,
zeledon14_19.wav,4.057006802721088,0.935,8.735080187846027,
zeledon05_43.wav,2.64,2.189,9.357416978714465,
sastre02_4.wav,3.17,0.801,9.956073638352743,
herring03_58.wav,8.993015873015873,2.311,8.401137859971946,
zeledon07_6.wav,6.566984126984127,1.2590000000000001,4.251695712420821,
herring03_55.wav,4.597006802721088,3.4010000000000002,8.1745652056718,
ENG_herring06_152.wav,4.2319954648526075,2.287,0.9257483321043909,
ENG_herring17_817.wav,5.277006802721089,0.5740000000000001,1.7704077438173587,
ENG_sastre06_2583.wav,5.118004535147392,1.109,11.170312041631494,
ENG_sastre03_2281.wav,3.869002267573696,0.9400000000000001,7.93975163628764,
ENG_herring17_1129.wav,4.389002267573696,1.7830000000000001,8.692788888489158,
ENG_sastre11_3378.wav,7.88501133786848,2.1310000000000002,10.859584026931625,
ENG_herring07_200.wav,5.923015873015873,4.679,7.442639620274358,
ENG_sastre03_2215.wav,1.8750113378684807,0.917,5.12785001572331,
ENG_herring07_198.wav,2.2580045351473923,1.293,3.360050661886512,
ENG_herring16_686.wav,6.763015873015873,1.039,11.48134577165513,
ENG_sastre03_2201.wav,1.7470068027210883,1.004,3.0019278952383357,
ENG_sastre03_2202.wav,3.731995464852608,1.985,6.207758625746429,
ENG_sastre11_3583.wav,3.379002267573696,1.2650000000000001,9.03663855387255,
ENG_sastre03_2138.wav,3.06,1.621,8.083984556110194,
ENG_sastre03_2271.wav,7.8939909297052155,2.142,7.687177491952742,
ENG_herring07_184.wav,5.055986394557823,5.123,5.175085409982305,
ENG_sastre03_2072.wav,5.8140136054421765,3.507,5.378446040594608,
ENG_herring07_212.wav,9.728004535147392,7.3420000000000005,7.879736461964476,
ENG_herring17_1076.wav,3.234013605442177,1.318,5.15757762398851,
ENG_herring08_277.wav,5.179002267573696,3.285,5.280447598247102,
ENG_herring17_815.wav,3.9319954648526076,2.444,7.912760392750246,
ENG_herring16_729.wav,4.787006802721089,1.712,8.644637892681105,
ENG_sastre06_2570.wav,6.687006802721088,3.031,10.627646041402548,
ENG_sastre03_2119.wav,9.340997732426304,5.7490000000000006,4.2510911097684,
ENG_herring17_873.wav,4.695986394557823,2.118,7.411902160933233,
ENG_herring07_161.wav,6.28498866213152,0.739,4.3421923632828445,
ENG_herring07_221.wav,5.0639909297052155,3.997,8.542283192263056,
ENG_herring16_732.wav,7.6880045351473925,3.107,8.510355253306646,
ENG_herring06_64.wav,3.1739909297052153,1.945,4.535947693659822,
ENG_sastre11_3510.wav,5.200997732426304,3.791,9.073012771922928,
ENG_sastre03_2457.wav,3.090997732426304,0.9410000000000001,2.2588010867114403,
ENG_herring07_207.wav,3.795986394557823,2.8970000000000002,10.482661064249855,
ENG_herring07_239.wav,4.785986394557823,3.079,8.807462145304331,
ENG_sastre03_2307.wav,2.8909977324263036,1.492,5.093817243667223,
ENG_sastre11_3391.wav,1.7709977324263038,0.84,9.93237536594998,
ENG_herring07_181.wav,2.0929931972789118,1.199,7.457431751506782,
ENG_sastre11_3588.wav,9.218004535147392,3.489,9.49890863612944,
ENG_sastre11_3586.wav,2.64,1.37,9.605614743241336,
ENG_sastre11_3472.wav,3.4429931972789114,1.776,7.3131234008693005,
ENG_sastre03_2127.wav,3.1090022675736964,1.666,6.047124273621882,
ENG_herring08_283.wav,3.0880045351473924,1.985,4.290168726025975,
ENG_sastre03_2164.wav,3.5370068027210886,2.235,7.65691077407617,
ENG_herring17_959.wav,6.208004535147392,2.153,7.753105779388865,
ENG_sastre03_2198.wav,9.672993197278911,4.823,5.977635827640454,
ENG_sastre11_3565.wav,3.762018140589569,0.859,10.00709111285233,
ENG_herring07_164.wav,1.9390022675736962,1.364,7.431660017364922,
ENG_herring16_774.wav,4.217981859410431,1.6540000000000001,6.161844574300002,
ENG_herring07_179.wav,4.803015873015873,1.016,7.79333169662236,
ENG_herring17_1161.wav,3.3840136054421768,1.434,7.844868830499439,
ENG_herring07_252.wav,4.64,2.247,8.225074028511479,
ENG_herring07_195.wav,4.293015873015873,3.111,7.723125199299145,
ENG_sastre11_3689.wav,5.88,4.702,8.688459228643,
ENG_sastre11_3615.wav,5.105986394557823,1.713,10.370984354558217,
ENG_sastre11_3382.wav,4.725011337868481,1.4040000000000001,10.785769767953852,
ENG_sastre11_3530.wav,3.8859863945578232,3.222,7.869231825864368,
ENG_sastre11_3692.wav,4.053015873015873,1.2770000000000001,5.756484514992056,
ENG_herring07_183.wav,4.798004535147392,3.584,5.790797549731702,
ENG_sastre03_2412.wav,2.879002267573696,0.987,7.78774061292536,
ENG_herring07_182.wav,4.3290022675736965,2.956,8.247100697732348,
ENG_sastre03_2154.wav,3.16,1.231,8.206388341362022,
ENG_sastre11_3499.wav,1.863015873015873,0.638,6.169308184094958,
ENG_herring07_227.wav,2.9250113378684808,2.382,7.977682839073554,
ENG_herring17_875.wav,1.8519954648526078,0.894,7.779436863494032,
ENG_sastre11_3759.wav,2.1839909297052156,1.057,10.03239605872813,
ENG_herring16_744.wav,6.923990929705216,4.163,8.447064825562459,
ENG_sastre03_2105.wav,2.159002267573696,1.764,3.0091934620177834,
ENG_sastre03_2278.wav,5.662993197278912,2.066,7.985977473871923,
ENG_sastre03_2082.wav,4.140997732426304,1.741,3.448367760030007,
ENG_herring16_726.wav,8.87,6.432,10.068648748629665,
ENG_sastre11_3681.wav,8.276984126984127,5.577,7.857765359716515,
ENG_sastre03_2428.wav,1.6790022675736962,0.923,11.536506842397484,
ENG_sastre11_3690.wav,4.822993197278912,2.891,10.255063710216808,
ENG_sastre03_2071.wav,4.692993197278912,2.182,4.591190492681391,
ENG_sastre03_2091.wav,5.862993197278912,1.602,2.9875409992344473,
ENG_sastre03_2172.wav,3.090997732426304,2.34,6.269110046924092,
ENG_sastre11_3756.wav,3.1280045351473924,1.875,10.445053919630372,
ENG_sastre03_2048.wav,1.6260090702947845,0.923,3.293799518633453,
ENG_sastre11_3443.wav,3.3029931972789117,1.365,8.157384230707995,
ENG_herring07_199.wav,6.258979591836734,3.427,8.766028656974147,
ENG_herring07_197.wav,6.090997732426304,3.735,8.087303630665035,
ENG_sastre03_2118.wav,4.492993197278912,2.1750000000000003,5.0311769879636214,
ENG_herring16_689.wav,6.611995464852607,3.089,8.664023189216667,
ENG_herring17_791.wav,3.8659863945578232,2.734,10.317076707262594,
ENG_sastre03_2111.wav,3.4280045351473922,1.306,5.437042425934579,
ENG_herring06_58.wav,2.912018140589569,1.364,0.9644538065464302,
ENG_sastre11_3462.wav,9.555986394557824,5.678,8.87832769553911,
ENG_sastre03_2247.wav,7.933990929705216,1.678,2.866499916976907,
ENG_sastre03_2407.wav,4.832018140589569,1.7650000000000001,6.086903509264235,
ENG_sastre03_2458.wav,3.6770068027210883,0.667,1.9870486587573195,
ENG_herring17_928.wav,3.5890022675736963,1.381,4.291954948488199,
ENG_herring07_178.wav,3.5529931972789117,1.6360000000000001,6.7258639036438925,
ENG_sastre11_3531.wav,2.9839909297052154,0.923,5.435827586347327,
ENG_sastre11_3693.wav,5.752018140589569,2.755,8.048377712496077,
ENG_sastre11_3505.wav,5.394013605442177,1.811,8.170963258072971,
ENG_sastre11_3619.wav,3.9350113378684806,0.795,7.664561684823317,
ENG_sastre11_3592.wav,7.912993197278912,3.767,10.229546220038836,
ENG_herring07_232.wav,5.304013605442177,2.641,9.214861796411046,
ENG_herring17_964.wav,4.586009070294785,2.786,9.81396592689428,
ENG_herring06_131.wav,6.798004535147392,4.472,4.065733649419879,
ENG_sastre11_3502.wav,6.38,3.907,10.477907905823349,
ENG_sastre03_2052.wav,6.2319954648526075,2.438,3.3699630178042295,
ENG_herring17_908.wav,2.8270068027210886,1.463,6.5158772469564985,
ENG_herring16_776.wav,8.494013605442177,2.746,9.99573303635115,
ENG_herring07_170.wav,2.099002267573696,1.495,5.18972656972836,
ENG_herring07_166.wav,3.965011337868481,2.316,6.083896745498832,
ENG_herring07_237.wav,3.202018140589569,1.831,10.09327084334238,
ENG_sastre11_3463.wav,2.65,1.347,8.205503765205911,
ENG_sastre03_2368.wav,2.9739909297052156,2.342,5.945334786140835,
ENG_herring17_935.wav,8.608979591836734,1.434,7.593077976677652,
ENG_herring07_163.wav,5.985986394557823,5.4910000000000005,6.188633717351173,
ENG_sastre11_3656.wav,3.376984126984127,1.991,4.9876216333992724,
ENG_sastre03_2135.wav,2.7380045351473923,1.04,6.17934371615148,
ENG_herring08_278.wav,3.2180045351473923,1.196,8.02107872494471,
ENG_sastre06_2608.wav,3.171995464852608,1.504,9.342055414856727,
ENG_sastre11_3394.wav,7.384988662131519,1.059,10.196814105823963,
ENG_sastre11_3548.wav,6.0620181405895694,2.816,8.894407905188338,
ENG_sastre11_3477.wav,8.25,4.9750000000000005,10.077946650142682,
ENG_sastre11_3447.wav,1.9219954648526076,1.208,8.600990444533386,
ENG_herring07_253.wav,3.895986394557823,2.494,6.316833825287171,
ENG_herring17_1162.wav,3.100997732426304,1.219,7.587129883428038,
ENG_sastre03_2272.wav,5.036009070294784,1.585,8.008913053633483,
ENG_sastre06_2557.wav,9.537981859410431,3.141,6.490783918534167,
ENG_herring17_1141.wav,2.4129931972789116,0.842,6.76503471069874,
ENG_herring07_177.wav,5.846009070294785,4.574,6.250825878434448,
ENG_sastre06_2617.wav,3.4890022675736962,1.596,13.419733473077077,
ENG_herring17_885.wav,5.0790022675736965,1.625,6.576117488810377,
ENG_herring07_255.wav,2.841995464852608,2.224,4.661509957362176,
ENG_sastre06_2613.wav,5.778004535147392,3.814,8.293530374752972,
ENG_herring06_157.wav,5.033015873015873,1.996,5.125603637045156,
ENG_herring07_187.wav,5.310997732426304,4.4,5.648699140859315,
ENG_herring06_148.wav,6.455011337868481,4.469,3.7472338878578473,
ENG_herring07_238.wav,4.4609977324263035,1.551,9.309856970790822,
ENG_sastre06_2584.wav,7.18,1.933,11.402579025971766,
ENG_herring06_155.wav,4.114013605442177,2.281,8.365809471969568,
ENG_sastre03_2078.wav,2.0219954648526075,1.695,2.8901780287086014,
ENG_sastre11_3457.wav,5.446984126984127,0.8180000000000001,7.609141178014487,
ENG_herring07_171.wav,8.046009070294785,5.033,6.282862243125979,
ENG_herring17_965.wav,8.078004535147393,3.95,6.4763022280605345,
ENG_herring16_734.wav,9.406009070294784,4.368,11.212954879520078,
ENG_herring07_258.wav,5.176009070294785,3.067,7.643744987272144,
ENG_herring17_936.wav,2.1239909297052155,1.445,5.516688574411947,
ENG_sastre11_3648.wav,5.68,3.802,8.039791085409732,
ENG_sastre11_3666.wav,2.618004535147392,1.045,10.382091278257091,
ENG_herring16_704.wav,8.849002267573697,3.047,6.29112347406797,
ENG_sastre11_3633.wav,2.646984126984127,1.577,5.768533979711421,
ENG_sastre11_3498.wav,3.559002267573696,1.161,6.273090665752432,
ENG_sastre11_3393.wav,5.31,2.12,9.708275005859,
ENG_sastre11_3680.wav,4.0640136054421765,2.183,9.282728544275699,
ENG_sastre06_2550.wav,1.2660090702947846,0.546,6.889915794416869,
ENG_herring07_218.wav,5.280997732426304,4.382,8.929902572876577,
ENG_sastre03_2166.wav,2.020997732426304,0.9580000000000001,3.0260567099375515,
ENG_sastre11_3419.wav,3.309002267573696,2.247,6.78710787057319,
ENG_herring08_286.wav,2.13,1.149,2.563930671138022,
ENG_herring07_220.wav,5.303015873015873,3.1790000000000003,8.51017299940732,
ENG_sastre03_2045.wav,4.727006802721088,1.5270000000000001,2.3834516020722303,
ENG_herring16_678.wav,4.169002267573696,2.329,1.4793469468561298,
ENG_sastre11_3663.wav,8.69201814058957,1.98,7.261425542112204,
ENG_herring07_214.wav,3.2390022675736962,1.852,5.064633926176481,
ENG_herring06_151.wav,3.721020408163265,1.73,0.47127611402277925,
ENG_herring16_724.wav,2.0720181405895692,1.538,7.948796301050803,
ENG_sastre03_2180.wav,7.326009070294784,1.051,5.376465897503551,
ENG_herring07_165.wav,5.647006802721088,2.414,5.713659376428709,
ENG_herring16_746.wav,4.569002267573696,1.986,6.125139373127703,
ENG_herring17_958.wav,2.573015873015873,1.1320000000000001,6.212961659269193,
ENG_herring16_721.wav,7.956009070294785,4.798,8.661522804051936,
ENG_sastre11_3427.wav,6.247981859410431,1.867,5.678465599498373,
ENG_herring17_1113.wav,3.209002267573696,1.26,9.639834751338094,
ENG_sastre11_3555.wav,2.350997732426304,1.625,7.940160234093724,
ENG_sastre11_3400.wav,6.168004535147392,4.706,11.568727323909124,
ENG_herring07_249.wav,5.1459863945578235,2.887,9.564167346303964,
ENG_sastre06_2581.wav,4.156009070294784,3.2680000000000002,10.483248909564628,
ENG_herring16_687.wav,3.7839909297052152,0.877,8.63575248670919,
ENG_herring07_201.wav,4.766009070294785,1.817,7.616646654937511,
ENG_herring17_900.wav,1.9849886621315194,0.905,5.024359391376359,
ENG_herring17_858.wav,4.0029931972789115,2.072,5.066056600069216,
ENG_herring07_242.wav,7.596009070294785,5.0,9.311807854219174,
ENG_sastre03_2429.wav,2.9570068027210885,1.889,10.047448239346288,
ENG_sastre11_3606.wav,2.453015873015873,0.749,9.88081582885703,
ENG_sastre11_3469.wav,5.775011337868481,2.629,9.135647906408993,
ENG_sastre11_3591.wav,7.168004535147392,1.694,9.672582781839298,
ENG_sastre06_2616.wav,3.189002267573696,1.715,11.435454581283922,
ENG_maria24_1720.wav,2.6070068027210884,1.748,9.415039367822853,
ENG_sastre08_2850.wav,5.199002267573696,4.006,9.508457099137244,
ENG_maria18_1489.wav,0.9480045351473922,0.5750000000000001,9.939214366538527,
ENG_sastre03_2174.wav,3.107981859410431,1.329,5.0139656378850175,
ENG_maria01_1263.wav,2.9029931972789114,0.917,12.026631204031816,
ENG_sastre09_2982.wav,2.775011337868481,1.695,8.897897071538933,
ENG_maria27_1807.wav,3.7970068027210884,0.755,14.710167591104321,
ENG_herring01_3.wav,1.8209977324263038,1.27,3.0759264702079108,
ENG_sastre08_2667.wav,5.346009070294785,2.224,8.62184971579045,
ENG_sastre09_3051.wav,2.874013605442177,1.811,10.702210526686168,
ENG_sastre09_3206.wav,1.6870068027210885,0.482,12.389329767972477,
ENG_sastre09_2956.wav,3.5880045351473924,1.77,11.263073631846318,
ENG_herring06_103.wav,6.992993197278912,1.468,6.933757742210358,
ENG_herring01_10.wav,4.306009070294785,2.243,4.371894050350445,
ENG_maria31_1992.wav,6.266009070294785,2.025,13.911258032716054,
ENG_herring08_281.wav,3.5770068027210886,2.391,6.143300656097739,
ENG_sastre08_2853.wav,5.186984126984127,1.69,10.799886391403817,
ENG_sastre06_2554.wav,7.23,1.236,6.900691508680334,
ENG_maria20_1668.wav,2.0550113378684807,0.781,10.28564573605947,
ENG_herring17_993.wav,2.939002267573696,1.672,5.992513709796546,
ENG_sastre09_3069.wav,1.9029931972789116,0.923,8.382545175606134,
ENG_herring10_367.wav,9.698004535147392,2.332,8.77617783747409,
ENG_herring08_303.wav,4.06,1.568,4.560450869009697,
ENG_sastre08_2679.wav,2.2980045351473923,1.671,10.915795340656485,
ENG_sastre08_2723.wav,4.017006802721088,1.539,9.861004702427692,
ENG_maria18_1488.wav,3.024013605442177,0.969,19.04843523136388,
ENG_sastre09_3155.wav,2.949002267573696,1.0050000000000001,9.445335596599143,
ENG_sastre10_3314.wav,2.9639909297052154,0.7020000000000001,9.032843635189241,
ENG_sastre11_3587.wav,2.038004535147392,0.865,9.866131330394234,
ENG_maria18_1477.wav,2.4629931972789114,1.875,10.034087241199842,
ENG_herring13_571.wav,4.463990929705216,1.416,8.801387745436465,
ENG_sastre03_2086.wav,5.818004535147392,1.19,2.879625462553246,
ENG_sastre09_2966.wav,6.7280045351473925,0.616,12.092102184533102,
ENG_herring17_1093.wav,5.075986394557823,3.988,7.404243458285676,
ENG_sastre09_3156.wav,1.6080045351473924,1.608,11.286428479656912,
ENG_sastre08_2778.wav,3.5770068027210886,2.629,10.262183170784828,
ENG_sastre08_2661.wav,2.5890022675736963,0.766,8.01116151695586,
ENG_herring10_359.wav,7.058004535147393,5.868,7.137389023771856,
ENG_sastre03_2047.wav,5.511995464852608,2.891,5.261445383706177,
ENG_sastre08_2669.wav,5.470997732426304,3.5180000000000002,8.041118193032554,
ENG_sastre08_2813.wav,3.7670068027210886,2.032,8.652292805561864,
ENG_sastre12_3776.wav,0.9290022675736962,0.41200000000000003,8.955680806833943,
ENG_sastre08_2739.wav,3.0770068027210886,1.318,8.599153717207416,
ENG_herring17_835.wav,4.221995464852608,2.751,10.666111236217406,
ENG_sastre09_3093.wav,2.7170068027210883,1.41,10.365547395295389,
ENG_sastre11_3632.wav,2.314013605442177,1.281,3.554406132060493,
ENG_herring17_803.wav,6.052993197278911,2.182,9.122713382393126,
ENG_herring13_550.wav,2.5720181405895692,1.934,9.96649862324512,
ENG_herring01_29.wav,6.4209977324263035,2.43,1.8207084739613788,
ENG_sastre08_2750.wav,2.235011337868481,0.0,11.31482536083903,
ENG_herring10_366.wav,4.552993197278911,1.492,8.400420514040407,
ENG_herring01_5.wav,4.56,1.83,4.042205633848524,
ENG_sastre08_2655.wav,2.6149886621315193,1.614,9.769275050927384,
ENG_herring17_845.wav,5.245986394557823,2.461,9.09168799886029,
ENG_maria01_1248.wav,3.465011337868481,1.6540000000000001,13.108956354808415,
ENG_sastre11_3679.wav,7.366009070294784,4.429,12.022850648764665,
ENG_herring17_1120.wav,2.048979591836735,1.996,6.611601239265888,
ENG_sastre11_3415.wav,3.715011337868481,1.538,9.511449757689652,
ENG_maria20_1685.wav,3.57,1.5210000000000001,10.081491402229648,
ENG_sastre09_3210.wav,2.4139909297052156,0.935,10.48986059902099,
ENG_sastre09_3062.wav,4.194988662131519,1.857,11.195563685937504,
ENG_sastre09_3105.wav,2.4229931972789114,0.865,7.175950171252942,
ENG_sastre09_3100.wav,2.0290022675736963,0.545,11.999015087834023,
ENG_sastre09_2929.wav,2.513990929705215,1.736,8.216310403777584,
ENG_sastre08_2746.wav,3.5070068027210883,1.608,7.990538198830993,
ENG_maria01_1249.wav,2.598004535147392,1.532,8.819986216943324,
ENG_maria16_1391.wav,3.498004535147392,1.939,9.707300433460874,
ENG_herring01_32.wav,4.891995464852608,2.515,4.1929066100008505,
ENG_sastre08_2741.wav,4.666009070294785,3.697,8.958493653400474,
ENG_maria07_1325.wav,2.7919954648526075,1.393,12.85251901630636,
ENG_sastre12_3792.wav,4.055011337868481,2.229,8.602509679810487,
ENG_herring13_590.wav,3.500997732426304,2.182,5.06824665240348,
ENG_sastre09_3092.wav,5.78,2.311,12.694403406091835,
ENG_herring06_73.wav,1.8750113378684807,1.127,13.419240722488276,
ENG_maria27_1857.wav,4.510997732426304,3.013,14.028632657334725,
ENG_sastre09_2951.wav,3.899002267573696,2.095,12.931403568873465,
ENG_sastre06_2578.wav,2.21,0.853,8.367695101307222,
ENG_sastre11_3698.wav,3.878979591836735,2.082,7.837113450680504,
ENG_sastre08_2689.wav,2.4319954648526076,1.41,7.639496824163765,
ENG_sastre04_2530.wav,5.903990929705215,1.446,8.003503153506273,
ENG_herring06_114.wav,8.20299319727891,1.922,4.946042997089549,
ENG_sastre09_3208.wav,2.270997732426304,0.65,12.362763692330388,
ENG_sastre08_2657.wav,4.345011337868481,1.9160000000000001,7.5829119826116775,
ENG_herring06_138.wav,6.301995464852608,5.164,6.25457617963184,
ENG_maria27_1829.wav,2.2190022675736962,0.72,10.381993089187908,
ENG_herring17_1014.wav,3.9560090702947845,2.984,9.917110662507742,
ENG_herring10_464.wav,3.667981859410431,2.2880000000000003,7.6586966244839605,
ENG_herring13_559.wav,1.7029931972789116,1.156,6.888158619777703,
ENG_sastre09_3128.wav,4.6879818594104306,0.4,12.317275173827175,
ENG_maria01_1242.wav,5.63,2.113,10.961837985429305,
ENG_maria01_1252.wav,6.338004535147392,1.416,11.570139947983481,
ENG_sastre03_2059.wav,4.354988662131519,2.2640000000000002,2.2362360988366685,
ENG_maria18_1486.wav,2.6829931972789116,1.735,8.678438425586384,
ENG_herring10_471.wav,7.967006802721088,2.531,1.275107327251409,
ENG_sastre08_2687.wav,2.2080045351473925,1.562,6.744320432093583,
ENG_sastre08_2665.wav,3.506984126984127,0.807,8.971968754694586,
ENG_herring01_26.wav,4.201995464852608,1.244,3.3299242589911535,
ENG_maria24_1760.wav,1.2770068027210884,0.7020000000000001,7.065900364722715,
ENG_herring06_125.wav,3.1329931972789113,2.374,7.518311034512561,
ENG_sastre09_3136.wav,3.129002267573696,1.806,10.94032045639804,
ENG_sastre07_2644.wav,2.7980045351473923,2.043,6.469136112155877,
ENG_herring13_553.wav,1.9980045351473923,1.028,9.122255948040234,
ENG_herring01_16.wav,3.815011337868481,1.997,2.7882464958242847,
ENG_sastre10_3322.wav,2.6880045351473925,1.114,7.409974121715301,
ENG_sastre09_2937.wav,2.460997732426304,0.754,11.170928666208026,
ENG_herring10_481.wav,9.05,0.888,13.94117368116913,
ENG_sastre04_2519.wav,3.7329931972789114,2.183,7.613150682814378,
ENG_sastre08_2675.wav,7.230997732426304,3.9130000000000003,6.942574510791024,
ENG_sastre04_2532.wav,3.1460090702947845,0.807,8.182855437866003,
ENG_sastre11_3654.wav,6.059002267573696,4.319,8.124618911860741,
ENG_sastre04_2528.wav,2.085986394557823,1.1320000000000001,7.889650562376356,
ENG_sastre12_3813.wav,2.915986394557823,1.457,8.621758887966555,
ENG_sastre04_2518.wav,5.592993197278911,2.426,8.662284807966397,
ENG_sastre10_3320.wav,1.8590022675736961,1.137,10.413399210722293,
ENG_sastre12_3766.wav,2.419002267573696,1.19,7.399597931266894,
ENG_herring08_322.wav,4.148004535147392,2.415,12.173069285043729,
ENG_sastre09_3084.wav,1.544013605442177,0.65,8.320421559253202,
ENG_sastre04_2466.wav,3.151995464852608,1.416,7.360912226812757,
ENG_sastre04_2470.wav,2.293015873015873,1.161,8.17926998244833,
ENG_herring17_808.wav,4.602993197278912,2.8040000000000003,12.874282789618652,
ENG_sastre09_3142.wav,4.177981859410431,2.523,13.800876205988082,
ENG_sastre08_2670.wav,3.111995464852608,1.666,6.682034803899581,
ENG_herring10_390.wav,4.570997732426304,1.149,8.857540812901513,
ENG_maria24_1743.wav,1.9849886621315194,1.051,8.54819784618909,
ENG_sastre08_2900.wav,3.05,0.9410000000000001,14.123175711520956,
ENG_sastre09_3174.wav,3.4109977324263037,1.329,9.930918045440132,
ENG_maria20_1690.wav,1.63,0.664,8.583378549035483,
ENG_sastre09_2964.wav,5.967006802721088,4.33,13.087381032241314,
ENG_maria27_1806.wav,2.820997732426304,0.899,13.643789247944252,
ENG_sastre04_2489.wav,0.79,0.36,12.957299241928846,
ENG_sastre03_2116.wav,7.662993197278912,1.3880000000000001,4.611838661051968,
ENG_maria31_1892.wav,2.163015873015873,1.214,12.929364705316932,
ENG_maria27_1830.wav,2.403015873015873,1.19,6.165272589332369,
ENG_maria18_1513.wav,2.03,0.683,9.68235721456035,
ENG_herring17_1123.wav,2.18,1.7830000000000001,7.31490478733763,
ENG_herring10_488.wav,3.080997732426304,1.173,6.6444588958936945,
ENG_sastre08_2651.wav,2.7570068027210883,1.5150000000000001,7.288125100553969,
ENG_sastre09_3083.wav,3.4380045351473925,1.9040000000000001,8.389651968719777,
ENG_sastre08_2849.wav,4.622993197278912,2.0100000000000002,9.423101412658541,
ENG_sastre08_2769.wav,4.059002267573696,1.5210000000000001,13.901199793525198,
ENG_herring06_68.wav,1.5249886621315192,0.8240000000000001,11.104138987624351,
ENG_herring10_489.wav,3.231995464852608,1.9160000000000001,7.225963061261366,
ENG_maria18_1484.wav,4.851020408163265,2.113,10.852237604639955,
ENG_sastre04_2515.wav,5.163990929705215,2.02,13.61684760008309,
ENG_maria20_1663.wav,6.945986394557823,4.91,9.425350397863372,
ENG_sastre04_2529.wav,2.229002267573696,0.917,9.529457912119417,
ENG_herring01_1.wav,4.259002267573696,1.426,3.5241468567814693,
ENG_sastre09_2939.wav,1.700997732426304,0.499,11.565038105029824,
ENG_maria20_1659.wav,4.384013605442177,0.493,12.956020184906553,
ENG_herring10_441.wav,8.320997732426305,7.304,7.629807854196269,
ENG_sastre11_3488.wav,3.5550113378684807,1.812,7.177993008504873,
ENG_sastre11_3509.wav,6.721995464852608,3.4290000000000003,5.837680815676771,
ENG_herring17_925.wav,1.753015873015873,1.161,10.331273514596115,
ENG_sastre08_2775.wav,3.5319954648526077,1.603,11.373203277324194,
ENG_herring06_111.wav,8.24,2.275,6.285827136314011,
ENG_maria18_1551.wav,1.933015873015873,0.987,9.137427202438321,
ENG_herring17_1035.wav,1.4160090702947845,1.05,8.0075779554052,
ENG_maria24_1703.wav,2.7159863945578233,0.894,7.8064093313531835,
ENG_herring10_372.wav,2.820997732426304,1.852,5.650048770511809,
ENG_sastre08_2777.wav,9.66798185941043,1.364,10.149002340624584,
ENG_sastre08_2717.wav,9.590997732426304,0.0,9.273980453218988,
ENG_maria10_1341.wav,3.4139909297052156,0.9410000000000001,12.889327325834131,
ENG_sastre12_3769.wav,4.15,2.601,8.659442996707812,
ENG_sastre08_2854.wav,1.9560090702947845,0.581,10.758413304978815,
ENG_sastre09_2949.wav,3.8839909297052153,2.931,12.69027624333428,
ENG_sastre09_2983.wav,5.979002267573696,3.361,9.34398675465462,
ENG_sastre09_3019.wav,3.5890022675736963,1.732,10.28326495584789,
ENG_sastre08_2902.wav,2.190997732426304,1.585,9.553269520915414,
ENG_sastre04_2487.wav,2.2580045351473923,0.993,10.329502194408288,
ENG_sastre03_2160.wav,7.877006802721088,3.688,6.1081345047662055,
ENG_sastre09_3021.wav,4.9990022675736965,3.234,9.3160876777903,
ENG_sastre06_2568.wav,5.040997732426304,3.216,5.888363020603364,
ENG_sastre09_2947.wav,6.843990929705216,1.875,10.762767466083488,
ENG_herring17_1131.wav,2.7429931972789117,1.446,9.286965016572493,
ENG_herring10_455.wav,4.701995464852608,2.763,2.2249031373328507,
ENG_sastre09_3215.wav,3.1229931972789116,1.294,9.40593900793696,
ENG_maria24_1711.wav,1.759002267573696,1.1320000000000001,8.461443794964474,
ENG_sastre04_2525.wav,1.4629931972789116,1.405,5.449069494385403,
ENG_maria18_1476.wav,1.324013605442177,0.516,8.375130022538038,
ENG_sastre09_3125.wav,5.956009070294785,4.936,10.298694973571934,
ENG_sastre11_3758.wav,2.814013605442177,1.794,7.418933682979803,
ENG_herring17_1166.wav,2.8460090702947847,1.603,6.9835571582870495,
ENG_sastre08_2814.wav,7.929002267573696,7.003,12.05969841155814,
ENG_maria07_1318.wav,5.421995464852608,3.106,10.726072461795358,
ENG_herring06_118.wav,5.227006802721088,3.346,4.828273793485186,
ENG_sastre08_2698.wav,2.9170068027210885,2.4290000000000003,9.005066743655075,
ENG_sastre04_2507.wav,3.7190022675736962,2.1710000000000003,10.033383225049565,
ENG_maria01_1250.wav,4.32,1.684,10.07949733627621,
ENG_sastre08_2662.wav,5.030997732426304,3.262,6.271417607025791,
ENG_herring10_444.wav,5.831995464852608,2.5460000000000003,2.3447452670521813,
ENG_sastre11_3726.wav,3.5870068027210884,1.422,7.874105658319018,
ENG_sastre06_2589.wav,2.485011337868481,1.538,7.727866825827702,
ENG_sastre04_2472.wav,1.4970068027210883,1.062,8.743418734794668,
ENG_herring06_84.wav,8.0,4.192,4.62210612094119,
ENG_herring06_74.wav,9.24,3.634,5.838156797535315,
ENG_herring10_475.wav,2.7809977324263038,0.453,6.634273178962104,
ENG_sastre09_2961.wav,4.182993197278911,0.592,11.936978100492347,
ENG_sastre08_2681.wav,3.9739909297052156,2.949,8.713446293707376,
ENG_maria18_1527.wav,2.9890022675736962,2.055,12.680526856481809,
ENG_sastre09_3191.wav,2.5480045351473923,1.178,10.099227314786045,
ENG_sastre08_2772.wav,1.864013605442177,0.86,12.437289679504438,
ENG_maria20_1667.wav,2.0960090702947847,0.8180000000000001,7.993471770009664,
ENG_herring10_364.wav,6.66,1.846,8.869114078781111,
ENG_sastre03_2081.wav,4.71,2.908,5.862519402100924,
ENG_herring06_96.wav,5.722993197278911,4.527,8.416488336899636,
ENG_sastre08_2680.wav,2.3629931972789118,1.707,10.260601376156888,
ENG_sastre10_3346.wav,3.894988662131519,1.701,9.538368767857829,
ENG_sastre09_3109.wav,3.0680045351473924,1.091,12.182877621678726,
ENG_herring10_479.wav,3.1929931972789114,1.295,4.358016556595779,
ENG_sastre08_2779.wav,3.646984126984127,1.143,7.904874955528188,
ENG_sastre03_2209.wav,2.396984126984127,1.341,5.465826394290753,
ENG_herring10_347.wav,2.6639909297052156,1.097,8.283028762259498,
ENG_maria04_1302.wav,2.580997732426304,1.665,16.883194199827674,
ENG_maria20_1664.wav,3.1350113378684807,1.306,6.74557785003622,
ENG_herring17_1107.wav,3.0680045351473924,2.475,8.067455807900641,
ENG_sastre12_3796.wav,6.3310204081632655,2.392,7.8904032671061675,
ENG_herring06_76.wav,9.955986394557824,3.668,6.451315674597579,
ENG_sastre08_2836.wav,5.003015873015873,1.417,12.129056644274502,
ENG_sastre09_3034.wav,3.7159863945578233,1.243,10.229370959034942,
ENG_maria27_1840.wav,6.304013605442177,4.069,11.670047641359325,
ENG_herring17_962.wav,3.1480045351473924,2.206,8.307731443785553,
ENG_sastre09_3047.wav,3.06,1.707,11.655383450367642,
ENG_maria19_1570.wav,2.3339909297052155,0.836,12.123365105623165,
ENG_herring10_463.wav,2.3160090702947844,1.55,2.7803868327707284,
ENG_herring17_1029.wav,3.9629931972789114,3.563,8.35762151625538,
ENG_sastre04_2502.wav,4.07498866213152,2.5140000000000002,8.158753786668573,
ENG_sastre07_2634.wav,6.256009070294785,1.829,9.183581677641902,
ENG_maria24_1722.wav,3.8829931972789113,1.178,11.334481974676002,
ENG_herring10_365.wav,3.64,1.069,9.718410083462985,
ENG_sastre09_3152.wav,3.306984126984127,0.668,13.270980446867128,
ENG_sastre08_2648.wav,4.307006802721088,1.829,7.2042856844942555,
ENG_sastre08_2822.wav,4.2719954648526075,2.118,8.469144842523216,
ENG_maria27_1798.wav,2.809002267573696,1.352,14.260461208659446,
ENG_sastre09_3073.wav,5.328004535147392,1.782,11.271078086282333,
ENG_herring17_823.wav,3.0939909297052153,1.893,11.612141883639922,
ENG_herring08_285.wav,4.498004535147392,2.525,3.795775085873791,
ENG_herring17_810.wav,6.528004535147392,5.463,13.048277560120495,
ENG_sastre08_2911.wav,3.0340136054421767,1.225,8.061418096876707,
ENG_sastre08_2704.wav,2.255011337868481,1.422,11.830498160442128,
ENG_sastre08_2807.wav,4.194988662131519,1.1440000000000001,11.488420914323095,
ENG_sastre12_3770.wav,4.43,1.358,9.309610600996663,
ENG_sastre08_2700.wav,3.623015873015873,1.0050000000000001,9.650133630203616,
ENG_sastre10_3251.wav,3.9859863945578233,1.283,12.597606535959716,
ENG_sastre09_3055.wav,2.9319954648526076,1.562,12.292699248847947,
ENG_maria10_1343.wav,1.4979818594104308,0.499,9.21093021844769,
ENG_sastre09_2973.wav,4.87,3.525,11.911473103094666,
ENG_sastre08_2647.wav,5.75,2.7920000000000003,8.151699432956375,
ENG_sastre09_3010.wav,3.96,2.844,11.778469073042853,
ENG_sastre11_3467.wav,5.154988662131519,2.7920000000000003,8.667710728829949,
ENG_sastre09_3086.wav,3.4370068027210885,1.9040000000000001,7.269972806342817,
ENG_maria24_1738.wav,2.6760090702947847,1.108,8.860954690014914,
ENG_herring10_353.wav,4.883015873015873,1.741,9.121671094604869,
ENG_sastre08_2904.wav,2.7070068027210885,0.726,9.265035079569966,
ENG_sastre08_2649.wav,4.362993197278912,2.56,9.846671121773557,
ENG_maria18_1512.wav,2.0939909297052153,0.659,8.124061091991768,
ENG_maria04_1312.wav,2.330997732426304,0.915,16.752460332865784,
ENG_herring17_836.wav,2.45,1.237,8.936280148314765,
ENG_sastre04_2506.wav,3.4070068027210882,1.5030000000000001,10.54787378683746,
ENG_sastre09_2994.wav,3.1149886621315193,2.1710000000000003,8.511878936416384,
ENG_sastre04_2478.wav,2.5249886621315194,0.883,8.608739710787473,
ENG_sastre08_2673.wav,5.449002267573696,2.31,5.191491317340622,
ENG_sastre08_2671.wav,3.645986394557823,1.7530000000000001,6.882484997298342,
ENG_sastre08_2660.wav,3.3929931972789116,1.248,8.14377974652403,
ENG_herring10_477.wav,4.162993197278912,1.741,6.739763283488574,
ENG_maria04_1273.wav,1.4860090702947846,0.975,9.05624179472379,
ENG_sastre11_3476.wav,4.082018140589569,2.061,7.334630210905545,
ENG_sastre09_3063.wav,5.266984126984127,2.959,10.518468952934212,
ENG_sastre08_2735.wav,3.24,1.614,11.75559914821553,
ENG_sastre09_2927.wav,6.522993197278912,3.738,12.998591919547222,
ENG_sastre09_2917.wav,4.5790022675736965,1.743,7.176724027984317,
ENG_sastre09_3193.wav,2.2329931972789114,1.092,10.388567429459188,
ENG_herring10_354.wav,6.4209977324263035,5.242,9.114611480675041,
ENG_sastre03_2110.wav,3.729002267573696,1.754,4.428817394711276,
ENG_sastre08_2732.wav,2.441995464852608,1.121,10.025812856364901,
ENG_sastre09_3011.wav,4.266984126984127,0.987,8.082186998106032,
ENG_maria20_1689.wav,2.6870068027210885,1.666,9.18425134876969,
ENG_maria27_1852.wav,2.5480045351473923,0.5630000000000001,10.128633013609184,
ENG_sastre09_3043.wav,3.6609977324263037,1.249,8.200585229200575,
ENG_sastre03_2456.wav,3.4070068027210882,2.223,3.7011795575864976,
ENG_herring08_298.wav,2.432018140589569,1.248,13.879986928569087,
ENG_maria18_1469.wav,6.549002267573696,5.923,11.058792695933777,
ENG_sastre09_3007.wav,4.463990929705216,1.718,14.121725779377405,
ENG_sastre12_3814.wav,2.6029931972789115,0.656,9.955983192956248,
ENG_sastre08_2867.wav,2.13,1.451,13.012025500247375,
ENG_sastre04_2475.wav,2.5890022675736963,2.235,7.763577766967148,
ENG_sastre10_3244.wav,3.0629931972789115,1.306,11.58566590420369,
ENG_sastre08_2674.wav,3.8960090702947845,1.457,5.21420977833327,
ENG_sastre04_2495.wav,5.740997732426304,2.653,11.605659650754411,
ENG_herring10_374.wav,3.4859863945578233,1.294,6.486359909610036,
ENG_herring06_83.wav,9.180997732426304,4.027,5.76857684487309,
ENG_sastre08_2768.wav,3.03,2.212,13.958364124905998,
ENG_sastre08_2903.wav,3.34,1.776,12.66220949552874,
ENG_sastre04_2481.wav,3.9059863945578233,0.0,9.811932478716477,
ENG_sastre04_2509.wav,3.2039909297052156,1.5090000000000001,8.768044323006778,
ENG_sastre09_2971.wav,4.656009070294784,1.022,10.900633262631848,
ENG_sastre08_2844.wav,2.1179818594104307,0.812,11.16343273134574,
ENG_sastre03_2344.wav,6.307006802721088,1.6540000000000001,8.017243912293559,
ENG_sastre09_3185.wav,3.33,2.06,10.667496945593964,
ENG_herring13_592.wav,1.8690022675736961,0.778,7.92055997762474,
ENG_sastre09_2980.wav,2.1409977324263036,0.8130000000000001,8.441839694391712,
ENG_maria27_1826.wav,3.4129931972789116,1.829,13.334220502099486,
ENG_sastre11_3564.wav,4.813015873015873,3.2960000000000003,12.791956703701613,
ENG_sastre09_3054.wav,3.830997732426304,0.772,9.21967777228759,
ENG_maria27_1776.wav,1.7770068027210884,0.72,8.583880141351937,
ENG_sastre09_3110.wav,2.315986394557823,1.19,9.629386633004616,
ENG_sastre09_3147.wav,3.716984126984127,1.597,14.706884778954231,
ENG_maria19_1565.wav,2.5150113378684806,0.432,14.279159315659225,
ENG_sastre10_3242.wav,2.0960090702947847,0.709,9.808680983209271,
ENG_sastre03_2267.wav,4.6,2.369,7.426122057148086,
ENG_sastre09_3042.wav,2.3639909297052153,0.766,12.347190932271188,
ENG_maria01_1251.wav,8.32,4.041,13.17244621063302,
ENG_sastre08_2694.wav,4.194988662131519,2.468,8.167314860687767,
ENG_maria18_1498.wav,4.167981859410431,2.113,13.29134666719973,
ENG_sastre08_2881.wav,6.098004535147393,3.814,11.95978510081177,
ENG_sastre03_2188.wav,7.431995464852608,6.463,4.344288980903023,
ENG_maria20_1682.wav,2.0309977324263038,0.731,9.53988373900201,
ENG_sastre09_2928.wav,4.58,1.26,10.638004283253629,
ENG_sastre09_2936.wav,3.0379818594104306,2.334,11.682514254974139,
ENG_herring01_6.wav,4.054988662131519,1.961,3.1540991139194743,
ENG_sastre03_2058.wav,6.120997732426304,1.811,4.944946096968981,
ENG_sastre08_2725.wav,5.855986394557823,4.168,9.178624410562156,
ENG_maria01_1238.wav,2.9370068027210885,0.325,11.83934104544614,
ENG_herring01_0.wav,1.533015873015873,0.618,1.6512134201225714,
ENG_maria18_1483.wav,3.93,2.113,10.398310862821297,
ENG_sastre03_2285.wav,3.8859863945578232,1.033,6.71474191615091,
ENG_sastre08_2686.wav,2.7829931972789117,1.9100000000000001,8.293534271218478,
ENG_sastre09_2920.wav,4.07498866213152,2.154,11.70226839211869,
ENG_sastre09_3088.wav,2.7539909297052154,1.877,9.959360865056235,
ENG_maria18_1518.wav,3.1760090702947847,1.684,9.9171786393903,
ENG_herring17_929.wav,4.275986394557823,2.322,7.674703694568811,
ENG_sastre09_2942.wav,6.682993197278911,0.0,12.896726183911513,
ENG_maria27_1851.wav,5.131995464852608,1.962,6.686645288590701,
ENG_herring17_973.wav,3.068979591836735,0.986,8.127366203320188,
ENG_herring08_284.wav,1.8350113378684807,0.441,6.64187222686795,
ENG_maria16_1396.wav,3.0360090702947846,1.7870000000000001,9.815465628904008,
ENG_herring10_506.wav,2.5660090702947844,1.173,4.126519895364579,
ENG_sastre06_2537.wav,4.283990929705215,0.812,8.391269061947193,
ENG_herring10_492.wav,4.953990929705215,2.107,4.605649518690043,
ENG_maria10_1347.wav,2.74,0.801,10.943538368156512,
ENG_sastre09_3227.wav,2.954988662131519,1.817,8.142401738443496,
ENG_sastre09_3144.wav,6.649002267573696,4.087,12.492484354016916,
ENG_sastre04_2504.wav,3.7209977324263037,1.387,8.36580243757557,
ENG_sastre03_2432.wav,2.8339909297052155,0.795,5.2750416716988,
ENG_sastre06_2600.wav,4.726009070294785,2.211,9.774613946767783,
ENG_sastre08_2799.wav,3.603015873015873,1.051,9.113996303757565,
ENG_sastre10_3285.wav,2.0329931972789117,1.034,9.296898971347224,
ENG_herring17_911.wav,1.7829931972789115,1.4060000000000001,8.78121185347,
ENG_herring17_1091.wav,4.057006802721088,2.966,9.597793460994103,
ENG_sastre07_2635.wav,4.892993197278911,4.1610000000000005,7.3131500521088695,
ENG_maria04_1282.wav,2.498004535147392,0.8320000000000001,10.394410931441886,
ENG_maria27_1833.wav,2.9029931972789114,1.237,9.253625417788887,
ENG_sastre03_2359.wav,3.7529931972789115,1.486,5.505296402614139,
ENG_sastre04_2501.wav,1.8309977324263038,0.5680000000000001,9.26445908415267,
ENG_maria20_1633.wav,3.2970068027210884,1.219,11.368289456801849,
ENG_sastre03_2343.wav,5.482993197278912,3.483,4.992489137669878,
ENG_maria24_1753.wav,3.238979591836735,1.625,11.754077209328232,
ENG_maria18_1473.wav,3.36,1.5030000000000001,11.442331285052623,
ENG_sastre03_2184.wav,4.676009070294785,3.303,7.4840103687821875,
ENG_sastre08_2909.wav,4.82,1.689,12.893730170785087,
ENG_herring13_516.wav,6.262993197278911,1.538,4.521330882615557,
ENG_sastre09_3016.wav,4.567006802721089,2.061,7.992153262160105,
ENG_herring10_411.wav,7.793015873015873,1.997,6.512482713379953,
ENG_sastre11_3585.wav,4.357006802721089,1.474,10.54440477108391,
ENG_sastre06_2601.wav,5.743990929705215,0.9580000000000001,8.159172779668248,
ENG_sastre12_3767.wav,2.716984126984127,1.713,5.617852400296333,
ENG_sastre09_3211.wav,2.432018140589569,1.469,13.815523049193352,
ENG_herring08_299.wav,3.775986394557823,2.311,5.6902672967945165,
ENG_maria24_1741.wav,3.709002267573696,1.556,9.620329753604926,
ENG_sastre09_3123.wav,5.632993197278911,1.8,12.11257195409265,
ENG_maria01_1198.wav,1.9029931972789116,1.051,8.742092140150652,
ENG_sastre09_3167.wav,2.9909977324263037,1.741,8.752737212869471,
ENG_herring17_824.wav,2.5170068027210886,1.375,8.156174168449652,
ENG_herring06_133.wav,7.003990929705216,5.352,8.434318652653356,
ENG_sastre09_3134.wav,3.6529931972789114,1.643,13.332026182662789,
ENG_maria24_1724.wav,3.332018140589569,1.7650000000000001,11.662686178517257,
ENG_maria24_1748.wav,2.704988662131519,0.505,12.756861290858893,
ENG_sastre08_2791.wav,3.9780045351473925,1.823,4.669339011104635,
ENG_herring01_21.wav,9.417006802721088,4.632,4.910702107144551,
ENG_herring09_344.wav,5.293015873015873,1.7770000000000001,8.077105781656625,
ENG_sastre10_3262.wav,5.7740136054421765,0.836,10.141722368310443,
ENG_herring17_814.wav,3.118004535147392,1.5270000000000001,10.278081351762019,
ENG_maria18_1479.wav,5.73,3.553,10.385536213346588,
ENG_herring10_401.wav,4.907981859410431,1.73,7.552164018420899,
ENG_sastre08_2728.wav,6.684988662131519,1.834,12.221593069843356,
ENG_herring10_355.wav,9.353990929705216,6.275,8.251562039539923,
ENG_maria18_1505.wav,2.7159863945578233,0.8300000000000001,10.71991395225902,
ENG_sastre12_3798.wav,3.4880045351473923,0.656,7.394339144700735,
ENG_sastre09_3207.wav,3.5680045351473924,1.283,10.411546407581744,
ENG_sastre10_3229.wav,1.7719954648526077,1.283,9.044570030956425,
ENG_sastre04_2500.wav,4.406009070294784,2.543,7.9195687914140525,
ENG_herring17_963.wav,4.281995464852607,2.084,10.604990505988729,
ENG_sastre08_2762.wav,7.074013605442177,1.5090000000000001,14.499033139239996,
ENG_sastre08_2664.wav,6.36498866213152,2.595,8.852275724842833,
ENG_sastre09_3111.wav,6.31,2.932,8.078268945435537,
ENG_sastre09_3028.wav,2.3240136054421767,0.894,9.653152586295185,
ENG_herring17_833.wav,2.4829931972789114,1.248,16.523936086834034,
ENG_maria24_1719.wav,3.4309977324263037,1.439,10.283707639210602,
ENG_sastre09_3180.wav,4.547006802721088,3.367,10.220054089458005,
ENG_sastre09_3143.wav,4.62,3.001,11.466147867098288,
ENG_sastre04_2511.wav,1.166984126984127,0.685,8.897784782927125,
ENG_maria07_1327.wav,6.5829931972789115,5.08,12.153259843537029,
ENG_herring17_969.wav,5.6709977324263035,1.7650000000000001,10.393629000647445,
ENG_sastre08_2864.wav,2.3039909297052152,1.474,7.991164334940539,
ENG_maria18_1540.wav,2.3390022675736963,1.289,13.767727429630797,
ENG_sastre09_2965.wav,4.7259863945578235,2.74,10.24626751385548,
ENG_sastre06_2566.wav,5.587006802721088,4.313,7.799717924351733,
ENG_maria10_1333.wav,4.0180045351473925,1.166,11.747300574132142,
ENG_sastre09_3114.wav,4.0620181405895694,0.865,12.554902062434753,
ENG_herring10_429.wav,2.2139909297052154,1.045,7.6636482517981825,
ENG_sastre04_2513.wav,4.020997732426304,2.108,9.28184858236166,
ENG_sastre09_3133.wav,4.0009977324263035,2.027,13.501186015923684,
ENG_sastre06_2548.wav,3.5350113378684807,2.8850000000000002,10.227223252100654,
ENG_sastre08_2835.wav,4.878004535147392,2.41,7.1427962521317285,
ENG_sastre08_2699.wav,4.412993197278912,2.2,8.988208607100285,
ENG_herring17_971.wav,3.197981859410431,1.3760000000000001,7.368160354855893,
ENG_sastre03_2426.wav,2.4780045351473925,1.079,7.189876697506113,
ENG_herring10_454.wav,3.1160090702947847,1.1380000000000001,5.992359102523624,
ENG_sastre08_2656.wav,6.772993197278912,3.059,8.901755311660937,
ENG_sastre10_3249.wav,4.372993197278912,3.172,7.970308066006193,
ENG_sastre12_3795.wav,1.9989795918367348,1.051,9.893742760939423,
ENG_sastre08_2803.wav,4.95498866213152,3.396,12.844230593573917,
ENG_sastre04_2531.wav,3.5340136054421767,2.6470000000000002,8.531697919835505,
ENG_sastre08_2879.wav,4.722993197278911,1.423,12.073472606523154,
ENG_sastre09_3072.wav,3.2919954648526075,2.073,10.501684050089803,
ENG_sastre04_2468.wav,2.87,2.142,6.833799602876284,
ENG_sastre09_3056.wav,4.357006802721089,1.085,8.074664926812,
ENG_herring10_428.wav,3.1749886621315193,1.997,7.921981505002716,
ENG_sastre08_2748.wav,4.832018140589569,3.193,9.31522251251478,
ENG_sastre04_2488.wav,2.5660090702947844,0.929,11.294368790952426,
ENG_maria19_1595.wav,5.030997732426304,4.518,9.753410589356765,
ENG_herring06_154.wav,4.557006802721088,2.763,7.376488303924965,
ENG_sastre04_2503.wav,2.2749886621315194,1.1260000000000001,9.294198596744826,
ENG_sastre08_2851.wav,2.694013605442177,1.365,9.74589331461132,
ENG_herring06_72.wav,3.375986394557823,1.236,5.201433084452324,
ENG_sastre10_3241.wav,3.7990022675736963,1.393,10.314997752929141,
ENG_sastre09_3184.wav,2.1939909297052154,1.074,9.056692990113696,
ENG_herring06_65.wav,6.139002267573696,3.378,7.203849188379814,
ENG_sastre08_2880.wav,2.6139909297052153,0.934,7.821226051302,
ENG_sastre09_3079.wav,3.196984126984127,2.02,8.371821952970581,
ENG_herring06_92.wav,6.043990929705215,2.74,5.829372646579797,
ENG_sastre08_2666.wav,5.161995464852608,2.548,6.473725358299182,
ENG_sastre08_2901.wav,3.9380045351473925,1.741,14.546294869904468,
ENG_sastre08_2865.wav,2.315986394557823,1.468,11.537709179165029,
ENG_sastre08_2714.wav,2.570997732426304,1.3,11.70553912590969,
ENG_sastre08_2875.wav,9.922993197278911,2.822,13.667429161547043,
ENG_herring06_135.wav,4.486984126984127,3.431,8.410389672170389,
ENG_maria20_1658.wav,4.679002267573696,3.1,12.085107390442735,
ENG_sastre08_2709.wav,7.562993197278912,1.452,10.484310398457534,
ENG_sastre04_2474.wav,2.007981859410431,0.627,7.124530832685454,
ENG_maria19_1575.wav,3.286984126984127,0.781,10.088228670981469,
ENG_maria10_1339.wav,3.211995464852608,1.973,10.783954342522705,
ENG_sastre03_2410.wav,8.40501133786848,2.403,5.3720537053297015,
ENG_sastre08_2888.wav,5.147006802721088,1.683,11.406161408742157,
ENG_herring13_601.wav,4.061020408163265,1.295,6.074209582755192,
ENG_sastre03_2411.wav,3.210997732426304,2.177,6.451725852270943,
ENG_maria07_1320.wav,1.9329931972789116,1.312,13.812941403989862,
ENG_herring17_957.wav,3.234013605442177,1.84,6.340209674016423,
ENG_sastre03_2150.wav,5.902018140589569,2.862,5.10787990036552,
ENG_herring10_369.wav,2.5690022675736963,1.568,6.904507134052823,
ENG_zeledon04_4042.wav,2.9309977324263037,1.62,7.767639637603477,
ENG_zeledon04_3941.wav,3.105011337868481,1.695,9.76589330176254,
ENG_zeledon04_4100.wav,3.4829931972789114,1.8,9.04201255682823,
ENG_zeledon04_3886.wav,3.075986394557823,1.538,5.683934860322365,
ENG_zeledon04_4148.wav,6.174988662131519,4.5200000000000005,6.8227945311482125,
ENG_zeledon04_4006.wav,4.698004535147392,2.38,7.298248074983117,
ENG_zeledon04_4140.wav,4.123990929705215,1.614,7.210858342951324,
ENG_zeledon04_4162.wav,2.943015873015873,1.719,3.3939761540537066,
ENG_zeledon04_3950.wav,4.856984126984127,2.142,9.628122016239308,
ENG_zeledon04_3990.wav,2.5480045351473923,1.469,4.692635549306382,
ENG_zeledon04_3933.wav,4.405986394557823,3.7560000000000002,9.170961642746029,
ENG_zeledon04_4147.wav,3.4690022675736962,1.039,6.120229862294192,
ENG_zeledon04_3902.wav,4.18,1.858,4.8927056039633126,
ENG_zeledon04_3940.wav,2.439002267573696,2.172,7.775231435348775,
ENG_zeledon04_4139.wav,4.574013605442177,2.044,6.129898697394587,
ENG_zeledon04_3877.wav,3.6739909297052153,1.944,7.110137377142551,
ENG_zeledon11_4972.wav,2.74,1.799,6.198115145568003,
ENG_zeledon04_4145.wav,4.006009070294785,3.013,7.870934371360265,
ENG_zeledon04_3911.wav,2.845986394557823,1.492,6.981088207803699,
ENG_zeledon04_3904.wav,6.984988662131519,4.745,7.553732523027961,
ENG_zeledon04_4160.wav,6.083990929705215,1.202,5.029850034989963,
ENG_zeledon04_4112.wav,1.6490022675736962,0.778,4.072554326639396,
ENG_zeledon04_4017.wav,4.445011337868481,1.2770000000000001,7.2688294185114435,
ENG_zeledon04_4099.wav,3.33,1.445,6.323636887455818,
ENG_zeledon04_3879.wav,5.344013605442177,0.366,7.417607228750089,
ENG_zeledon04_3934.wav,4.010997732426304,3.055,9.67372476725842,
ENG_zeledon04_3889.wav,5.176009070294785,2.896,3.9588851719449565,
ENG_zeledon04_3964.wav,3.3840136054421768,1.2650000000000001,6.456815334732053,
ENG_zeledon04_3876.wav,8.199002267573697,2.688,7.127914099364765,
ENG_zeledon04_4102.wav,3.543015873015873,1.846,6.273343073109172,
ENG_zeledon04_3888.wav,2.170997732426304,1.028,6.0600598340990395,
ENG_zeledon04_4010.wav,2.8760090702947845,2.2,1.993209850026084,
ENG_zeledon04_4087.wav,2.0370068027210886,2.113,6.647218491771697,
ENG_zeledon04_4156.wav,3.3639909297052153,1.95,7.680374850813203,
ENG_zeledon04_4097.wav,5.628004535147392,3.2800000000000002,3.116388874335475,
ENG_zeledon04_3991.wav,3.4890022675736962,2.369,7.964893000540485,
ENG_zeledon03_3853.wav,1.95,1.555,8.858096024267429,
ENG_zeledon04_3997.wav,6.3960090702947845,2.293,5.66739610067025,
ENG_zeledon04_4090.wav,4.876009070294785,4.011,7.403722316252955,
ENG_zeledon03_3843.wav,4.48,3.111,9.414186243162975,
ENG_zeledon11_4954.wav,2.3980045351473924,0.622,7.420119397837089,
ENG_zeledon04_4103.wav,3.0629931972789115,1.9040000000000001,5.3224369132696525,
ENG_zeledon03_3855.wav,3.944013605442177,1.463,7.918925213048727,
ENG_zeledon04_4007.wav,2.485011337868481,0.9,5.698171111525455,
ENG_zeledon04_4111.wav,2.0760090702947847,1.422,5.559967384579186,
ENG_zeledon04_4089.wav,4.240997732426304,2.444,8.496684671986959,
ENG_zeledon04_4018.wav,4.783015873015873,1.596,7.293479764107028,
ENG_zeledon04_4004.wav,1.4690022675736962,1.2710000000000001,8.5948977187611,
ENG_zeledon08_4565.wav,6.507006802721088,2.09,6.57793790733617,
ENG_zeledon08_4512.wav,7.136984126984127,3.071,8.628360924375025,
ENG_zeledon03_3840.wav,5.378004535147392,1.486,6.0111834320964554,
ENG_zeledon06_4205.wav,2.4339909297052156,1.353,7.031890786377417,
ENG_zeledon06_4264.wav,7.623990929705215,3.686,5.7615640682396245,
ENG_zeledon08_4423.wav,5.933990929705216,3.617,5.6926909785997255,
ENG_zeledon08_4546.wav,3.4470068027210883,1.475,9.539835386738433,
ENG_zeledon06_4201.wav,5.486009070294784,3.355,6.246927098046033,
ENG_zeledon08_4553.wav,2.1350113378684807,0.0,8.308583096054058,
ENG_zeledon08_4410.wav,2.341995464852608,0.969,6.191766961835934,
ENG_zeledon08_4400.wav,4.869002267573697,1.713,9.922728968097598,
ENG_zeledon08_4483.wav,5.781995464852607,0.726,7.090282074300198,
ENG_zeledon06_4220.wav,4.748004535147392,3.063,5.6390816302027496,
ENG_zeledon08_4575.wav,4.423015873015873,2.177,6.124809240696641,
ENG_zeledon09_4895.wav,3.5260090702947844,1.5030000000000001,10.815281195237228,
ENG_zeledon08_4754.wav,2.816984126984127,1.08,8.957021119801436,
ENG_zeledon08_4841.wav,4.773990929705215,3.438,10.74795741568936,
ENG_zeledon08_4561.wav,4.087006802721088,1.1500000000000001,6.66267518054974,
ENG_zeledon06_4222.wav,2.784988662131519,1.695,5.465442294350418,
ENG_zeledon06_4277.wav,4.781995464852607,2.566,2.5781345010987167,
ENG_zeledon08_4758.wav,5.746009070294784,1.063,7.981504082243048,
ENG_zeledon06_4206.wav,3.0960090702947847,2.0260000000000002,7.200529674311024,
ENG_zeledon08_4741.wav,6.495011337868481,3.744,10.958792190058366,
ENG_zeledon06_4178.wav,3.286984126984127,5.098,5.3941374806559095,
ENG_zeledon08_4822.wav,4.3959863945578235,1.713,9.510100052075071,
ENG_zeledon08_4867.wav,6.604988662131519,5.5600000000000005,11.88693760832297,
ENG_zeledon08_4877.wav,5.062993197278912,2.536,10.213008927162242,
ENG_zeledon08_4775.wav,4.714013605442177,1.724,6.10565988757637,
ENG_zeledon08_4562.wav,5.700997732426304,2.154,6.528148809594674,
ENG_zeledon06_4280.wav,4.066009070294784,2.688,4.028200700370697,
ENG_zeledon08_4709.wav,7.671020408163265,2.34,11.196104085678007,
ENG_zeledon02_3815.wav,4.6439909297052155,2.009,5.969378328448132,
ENG_zeledon06_4244.wav,3.973015873015873,2.806,3.6279610895958556,
ENG_zeledon09_4899.wav,2.095986394557823,1.01,10.597686012625012,
ENG_zeledon06_4268.wav,3.8270068027210886,1.805,7.751538946785547,
ENG_zeledon08_4587.wav,3.7970068027210884,0.0,6.107541542118422,
ENG_zeledon09_4900.wav,4.45498866213152,2.032,10.217411144687583,
ENG_zeledon06_4185.wav,2.1250113378684805,1.486,4.188597706920547,
ENG_zeledon08_4597.wav,5.676984126984127,1.7870000000000001,7.2865812689153895,
ENG_zeledon08_4855.wav,1.5849886621315192,0.847,8.722113273491656,
ENG_zeledon08_4778.wav,3.471020408163265,1.613,10.144990563044459,
ENG_zeledon09_4894.wav,3.070997732426304,1.039,9.155309880364156,
ENG_zeledon06_4236.wav,4.252018140589569,3.718,1.79704567926312,
ENG_zeledon08_4676.wav,2.7929931972789115,1.811,13.522348198748505,
ENG_zeledon08_4531.wav,5.232018140589569,2.597,8.432664817313276,
ENG_zeledon06_4274.wav,4.463990929705216,2.229,7.37177727986039,
ENG_zeledon09_4898.wav,4.344988662131519,2.154,10.840062832582618,
ENG_zeledon08_4874.wav,4.806984126984127,1.416,10.871020228082068,
ENG_zeledon08_4726.wav,1.3990022675736962,1.5330000000000001,7.995063756878109,
ENG_zeledon02_3817.wav,7.8,1.457,4.377113068999597,
ENG_zeledon08_4584.wav,3.035986394557823,1.446,5.5539607637679405,
ENG_zeledon08_4518.wav,5.613015873015873,3.999,9.052556703088609,
ENG_zeledon02_3818.wav,3.695011337868481,1.724,4.0387683846036015,
ENG_zeledon08_4857.wav,4.023990929705215,0.0,10.979695004986047,
ENG_zeledon03_3827.wav,4.720997732426304,3.1350000000000002,12.125345484615702,
ENG_zeledon08_4679.wav,5.066009070294784,2.095,10.419595138680387,
ENG_zeledon08_4685.wav,3.775011337868481,2.386,12.741706777026804,
ENG_zeledon03_3865.wav,3.575986394557823,2.293,9.361982892442743,
ENG_zeledon08_4461.wav,1.705986394557823,0.481,7.19409428638123,
ENG_zeledon08_4777.wav,9.913990929705216,0.0,8.31322836810515,
ENG_zeledon08_4742.wav,3.7419954648526077,1.864,10.298012162986206,
ENG_zeledon08_4331.wav,7.387006802721088,4.0,9.758009670436863,
ENG_zeledon06_4273.wav,2.861995464852608,1.266,3.851390710456224,
ENG_zeledon08_4548.wav,2.1160090702947847,0.8130000000000001,11.073466537171393,
ENG_zeledon08_4354.wav,9.796009070294785,3.106,9.64977900270604,
ENG_zeledon06_4238.wav,1.9279818594104308,1.086,4.477746569113104,
ENG_zeledon08_4574.wav,3.268004535147392,1.062,4.0254782300493845,
ENG_zeledon06_4276.wav,1.5609977324263038,2.954,7.789553485899306,
ENG_zeledon08_4416.wav,4.3290022675736965,2.479,6.43473468600784,
ENG_zeledon06_4183.wav,4.544013605442177,2.455,5.6023516997716465,
ENG_zeledon08_4419.wav,7.51,4.505,9.119543385650024,
ENG_zeledon08_4326.wav,7.501995464852608,2.751,9.667422165272091,
ENG_zeledon06_4200.wav,2.4439909297052154,1.19,6.357430392452676,
ENG_zeledon06_4239.wav,1.4390022675736962,1.166,2.8787812668978314,
ENG_zeledon08_4530.wav,3.9109977324263037,2.398,9.209068505983772,
ENG_zeledon08_4314.wav,7.186984126984127,4.958,9.6640548047223,
ENG_zeledon08_4322.wav,2.4280045351473922,0.9460000000000001,8.569311012648264,
ENG_zeledon06_4292.wav,4.800997732426304,2.874,10.445423898234454,
ENG_zeledon06_4261.wav,3.611995464852608,2.154,5.9732429415285395,
ENG_zeledon03_3832.wav,9.326984126984128,4.662,5.83201073480244,
ENG_zeledon06_4279.wav,3.6779818594104308,1.608,3.351938378719892,
ENG_zeledon06_4252.wav,2.5419954648526075,1.979,6.084244353863363,
ENG_zeledon03_3846.wav,3.8339909297052155,1.317,9.056799712610813,
ENG_zeledon06_4282.wav,2.86,1.295,8.720493650393196,
ENG_zeledon03_3854.wav,5.9819954648526075,2.485,7.337176086475024,
ENG_zeledon08_4826.wav,3.3210204081632653,1.33,6.643029450084024,
ENG_zeledon08_4390.wav,6.68,2.67,9.986458001340422,
ENG_zeledon08_4739.wav,2.38,1.457,9.62696390299709,
